{"train_history": {"accuracy": [0.9187036752700806, 0.9769074320793152, 0.982796311378479, 0.9864814877510071, 0.9874814748764038, 0.9894258975982666, 0.9908333420753479, 0.9907222390174866, 0.9922407269477844, 0.9944074153900146, 0.995722234249115, 0.9961481690406799, 0.9972407221794128], "loss": [0.27186664938926697, 0.07908732444047928, 0.05790809541940689, 0.046893373131752014, 0.04197234287858009, 0.034561507403850555, 0.030834883451461792, 0.03004552237689495, 0.026931988075375557, 0.017352523282170296, 0.014146245084702969, 0.011839876882731915, 0.00921643991023302], "val_accuracy": [0.6836666464805603, 0.9891666769981384, 0.9900000095367432, 0.9923333525657654, 0.9915000200271606, 0.9944999814033508, 0.9944999814033508, 0.9928333163261414, 0.9925000071525574, 0.9938333630561829, 0.9944999814033508, 0.9938333630561829, 0.9943333268165588], "val_loss": [1.1260693073272705, 0.03792731463909149, 0.03492017462849617, 0.02850245125591755, 0.026635630056262016, 0.021662671118974686, 0.022845380008220673, 0.025120267644524574, 0.025851638987660408, 0.023682113736867905, 0.022489842027425766, 0.02610629051923752, 0.020475424826145172], "learning_rate": [0.0010000000474974513, 0.0010000000474974513, 0.0010000000474974513, 0.0010000000474974513, 0.0010000000474974513, 0.0010000000474974513, 0.0010000000474974513, 0.0010000000474974513, 0.0010000000474974513, 0.0005000000237487257, 0.0005000000237487257, 0.0005000000237487257, 0.0002500000118743628]}}