{
  "0": {
    "precision": 1.0,
    "recall": 1.0,
    "f1-score": 1.0,
    "support": 17
  },
  "1": {
    "precision": 0.9090909090909091,
    "recall": 0.7142857142857143,
    "f1-score": 0.8,
    "support": 28
  },
  "2": {
    "precision": 0.8666666666666667,
    "recall": 0.8125,
    "f1-score": 0.8387096774193549,
    "support": 16
  },
  "3": {
    "precision": 0.875,
    "recall": 0.875,
    "f1-score": 0.875,
    "support": 16
  },
  "4": {
    "precision": 0.6153846153846154,
    "recall": 0.8571428571428571,
    "f1-score": 0.7164179104477612,
    "support": 28
  },
  "5": {
    "precision": 0.9473684210526315,
    "recall": 0.9,
    "f1-score": 0.9230769230769231,
    "support": 20
  },
  "6": {
    "precision": 1.0,
    "recall": 1.0,
    "f1-score": 1.0,
    "support": 20
  },
  "7": {
    "precision": 0.9166666666666666,
    "recall": 0.9166666666666666,
    "f1-score": 0.9166666666666666,
    "support": 24
  },
  "8": {
    "precision": 0.7142857142857143,
    "recall": 1.0,
    "f1-score": 0.8333333333333333,
    "support": 10
  },
  "9": {
    "precision": 0.7857142857142857,
    "recall": 0.5238095238095238,
    "f1-score": 0.6285714285714286,
    "support": 21
  },
  "accuracy": 0.845,
  "macro avg": {
    "precision": 0.863017727886149,
    "recall": 0.8599404761904761,
    "f1-score": 0.8531775939515468,
    "support": 200
  },
  "weighted avg": {
    "precision": 0.8607110345794555,
    "recall": 0.845,
    "f1-score": 0.8443696406305939,
    "support": 200
  }
}