{
  "0": {
    "precision": 0.9908998988877654,
    "recall": 1.0,
    "f1-score": 0.9954291518537329,
    "support": 980
  },
  "1": {
    "precision": 0.9921052631578947,
    "recall": 0.9964757709251101,
    "f1-score": 0.9942857142857143,
    "support": 1135
  },
  "2": {
    "precision": 0.991304347826087,
    "recall": 0.9941860465116279,
    "f1-score": 0.9927431059506532,
    "support": 1032
  },
  "3": {
    "precision": 0.993103448275862,
    "recall": 0.998019801980198,
    "f1-score": 0.9955555555555555,
    "support": 1010
  },
  "4": {
    "precision": 0.9918864097363083,
    "recall": 0.9959266802443992,
    "f1-score": 0.9939024390243902,
    "support": 982
  },
  "5": {
    "precision": 0.998868778280543,
    "recall": 0.9899103139013453,
    "f1-score": 0.9943693693693693,
    "support": 892
  },
  "6": {
    "precision": 0.9916579770594369,
    "recall": 0.9926931106471816,
    "f1-score": 0.9921752738654147,
    "support": 958
  },
  "7": {
    "precision": 0.9951028403525954,
    "recall": 0.9883268482490273,
    "f1-score": 0.9917032698877501,
    "support": 1028
  },
  "8": {
    "precision": 0.9969167523124358,
    "recall": 0.9958932238193019,
    "f1-score": 0.9964047252182845,
    "support": 974
  },
  "9": {
    "precision": 0.9959919839679359,
    "recall": 0.9851337958374629,
    "f1-score": 0.9905331340308918,
    "support": 1009
  },
  "accuracy": 0.9937,
  "macro avg": {
    "precision": 0.9937837699856864,
    "recall": 0.9936565592115654,
    "f1-score": 0.9937101739041756,
    "support": 10000
  },
  "weighted avg": {
    "precision": 0.993713223937803,
    "recall": 0.9937,
    "f1-score": 0.9936967531990011,
    "support": 10000
  }
}